{
 "f41": [
  "l4", 
  "l6", 
  "l17"
 ], 
 "f40": [
  "l16", 
  "l6", 
  "l4"
 ], 
 "f43": [
  "l2", 
  "l3"
 ], 
 "f42": [
  "l17", 
  "l6", 
  "l4"
 ], 
 "f45": [
  "l2", 
  "l3", 
  "l7"
 ], 
 "f44": [
  "l3", 
  "l2"
 ], 
 "f47": [
  "l2", 
  "l3", 
  "l8"
 ], 
 "f46": [
  "l7", 
  "l3", 
  "l2"
 ], 
 "f49": [
  "l4", 
  "l5"
 ], 
 "f48": [
  "l8", 
  "l3", 
  "l2"
 ], 
 "f118": [
  "l18", 
  "l15", 
  "l14"
 ], 
 "f119": [
  "l14", 
  "l15"
 ], 
 "f114": [
  "l14"
 ], 
 "f115": [
  "l14", 
  "l15", 
  "l17"
 ], 
 "f116": [
  "l17", 
  "l15", 
  "l14"
 ], 
 "f117": [
  "l14", 
  "l15", 
  "l18"
 ], 
 "f110": [
  "l18", 
  "l15", 
  "l13"
 ], 
 "f111": [
  "l13", 
  "l15"
 ], 
 "f112": [
  "l15", 
  "l13"
 ], 
 "f113": [
  "l14"
 ], 
 "f56": [
  "l6"
 ], 
 "f57": [
  "l6", 
  "l16"
 ], 
 "f54": [
  "l13", 
  "l5", 
  "l4"
 ], 
 "f55": [
  "l6"
 ], 
 "f52": [
  "l12", 
  "l5", 
  "l4"
 ], 
 "f53": [
  "l4", 
  "l5", 
  "l13"
 ], 
 "f50": [
  "l5", 
  "l4"
 ], 
 "f51": [
  "l4", 
  "l5", 
  "l12"
 ], 
 "f58": [
  "l16", 
  "l6"
 ], 
 "f59": [
  "l6", 
  "l17"
 ], 
 "f109": [
  "l13", 
  "l15", 
  "l18"
 ], 
 "f108": [
  "l17", 
  "l15", 
  "l13"
 ], 
 "f107": [
  "l13", 
  "l15", 
  "l17"
 ], 
 "f106": [
  "l13"
 ], 
 "f105": [
  "l13"
 ], 
 "f104": [
  "l12"
 ], 
 "f103": [
  "l12"
 ], 
 "f102": [
  "l18", 
  "l11"
 ], 
 "f101": [
  "l11", 
  "l18"
 ], 
 "f100": [
  "l11"
 ], 
 "f23": [
  "l4"
 ], 
 "f22": [
  "l17", 
  "l6", 
  "l2"
 ], 
 "f21": [
  "l2", 
  "l6", 
  "l17"
 ], 
 "f20": [
  "l16", 
  "l6", 
  "l2"
 ], 
 "f27": [
  "l1", 
  "l3", 
  "l7"
 ], 
 "f26": [
  "l3", 
  "l1"
 ], 
 "f25": [
  "l1", 
  "l3"
 ], 
 "f24": [
  "l4"
 ], 
 "f29": [
  "l1", 
  "l3", 
  "l8"
 ], 
 "f28": [
  "l7", 
  "l3", 
  "l1"
 ], 
 "f132": [
  "l18"
 ], 
 "f130": [
  "l17"
 ], 
 "f131": [
  "l18"
 ], 
 "f30": [
  "l8", 
  "l3", 
  "l1"
 ], 
 "f31": [
  "l5"
 ], 
 "f32": [
  "l5"
 ], 
 "f33": [
  "l5", 
  "l12"
 ], 
 "f34": [
  "l12", 
  "l5"
 ], 
 "f35": [
  "l5", 
  "l13"
 ], 
 "f36": [
  "l13", 
  "l5"
 ], 
 "f37": [
  "l4", 
  "l6"
 ], 
 "f38": [
  "l6", 
  "l4"
 ], 
 "f39": [
  "l4", 
  "l6", 
  "l16"
 ], 
 "f125": [
  "l15"
 ], 
 "f124": [
  "l18", 
  "l15"
 ], 
 "f127": [
  "l16"
 ], 
 "f126": [
  "l15"
 ], 
 "f121": [
  "l15", 
  "l17"
 ], 
 "f120": [
  "l15", 
  "l14"
 ], 
 "f123": [
  "l15", 
  "l18"
 ], 
 "f122": [
  "l17", 
  "l15"
 ], 
 "f129": [
  "l17"
 ], 
 "f128": [
  "l16"
 ], 
 "f89": [
  "l9", 
  "l11", 
  "l18"
 ], 
 "f88": [
  "l11", 
  "l9"
 ], 
 "f85": [
  "l9", 
  "l11", 
  "l16"
 ], 
 "f84": [
  "l14", 
  "l10"
 ], 
 "f87": [
  "l9", 
  "l11"
 ], 
 "f86": [
  "l16", 
  "l11", 
  "l9"
 ], 
 "f81": [
  "l10"
 ], 
 "f80": [
  "l12", 
  "l10"
 ], 
 "f83": [
  "l10", 
  "l14"
 ], 
 "f82": [
  "l10"
 ], 
 "f92": [
  "l12", 
  "l10", 
  "l9"
 ], 
 "f93": [
  "l9", 
  "l10"
 ], 
 "f90": [
  "l18", 
  "l11", 
  "l9"
 ], 
 "f91": [
  "l9", 
  "l10", 
  "l12"
 ], 
 "f96": [
  "l14", 
  "l10", 
  "l9"
 ], 
 "f97": [
  "l11", 
  "l16"
 ], 
 "f94": [
  "l10", 
  "l9"
 ], 
 "f95": [
  "l9", 
  "l10", 
  "l14"
 ], 
 "f98": [
  "l16", 
  "l11"
 ], 
 "f99": [
  "l11"
 ], 
 "f18": [
  "l6", 
  "l2"
 ], 
 "f19": [
  "l2", 
  "l6", 
  "l16"
 ], 
 "f12": [
  "l5", 
  "l1"
 ], 
 "f13": [
  "l1", 
  "l5", 
  "l12"
 ], 
 "f10": [
  "l8", 
  "l3"
 ], 
 "f11": [
  "l1", 
  "l5"
 ], 
 "f16": [
  "l13", 
  "l5", 
  "l1"
 ], 
 "f17": [
  "l2", 
  "l6"
 ], 
 "f14": [
  "l12", 
  "l5", 
  "l1"
 ], 
 "f15": [
  "l1", 
  "l5", 
  "l13"
 ], 
 "f1": [
  "l1"
 ], 
 "f2": [
  "l1"
 ], 
 "f3": [
  "l2"
 ], 
 "f4": [
  "l2"
 ], 
 "f5": [
  "l3"
 ], 
 "f6": [
  "l3"
 ], 
 "f7": [
  "l3", 
  "l7"
 ], 
 "f8": [
  "l7", 
  "l3"
 ], 
 "f9": [
  "l3", 
  "l8"
 ], 
 "f69": [
  "l7", 
  "l10", 
  "l14"
 ], 
 "f68": [
  "l10", 
  "l7"
 ], 
 "f67": [
  "l7", 
  "l10"
 ], 
 "f66": [
  "l12", 
  "l10", 
  "l7"
 ], 
 "f65": [
  "l7", 
  "l10", 
  "l12"
 ], 
 "f64": [
  "l8"
 ], 
 "f63": [
  "l8"
 ], 
 "f62": [
  "l7"
 ], 
 "f61": [
  "l7"
 ], 
 "f60": [
  "l17", 
  "l6"
 ], 
 "f78": [
  "l9"
 ], 
 "f79": [
  "l10", 
  "l12"
 ], 
 "f74": [
  "l11", 
  "l8"
 ], 
 "f75": [
  "l8", 
  "l11", 
  "l18"
 ], 
 "f76": [
  "l18", 
  "l11", 
  "l8"
 ], 
 "f77": [
  "l9"
 ], 
 "f70": [
  "l14", 
  "l10", 
  "l7"
 ], 
 "f71": [
  "l8", 
  "l11", 
  "l16"
 ], 
 "f72": [
  "l16", 
  "l11", 
  "l8"
 ], 
 "f73": [
  "l8", 
  "l11"
 ]
}